Workbook

Sheet Adsorbed
A1: qmof ID | B1: Name | C1: Synth? | D1: Step | E1: E_elec (eV) | F1: ZPE (eV) | G1: U_vib_T (eV) | H1: S_vib_qRRHO_298 (J/mol/K) | I1: T·S_298 (eV) | J1: G_corr_298 (eV) | K1: G_298 (eV) | L1: S_vib_qRRHO_623 (J/mol/K) | M1: T·S_623 (eV) | N1: G_corr_623 (eV) | O1: G_623 (eV)
A2: 04c1119 | B2: Zn-IRMOF-10 | C2: YES | D2: s0 | I2: =298.15*H2/96485 -> 0 | J2: =F2+G2-I2 -> 0 | K2: =E2+J2 -> 0 | M2: =623.15*L2/96485 -> 0 | N2: =F2+G2-M2 -> 0 | O2: =E2+N2 -> 0
A3: 04c1119 | B3: Zn-IRMOF-10 | C3: YES | D3: s1 | I3: =298.15*H3/96485 -> 0 | J3: =F3+G3-I3 -> 0 | K3: =E3+J3 -> 0 | M3: =623.15*L3/96485 -> 0 | N3: =F3+G3-M3 -> 0 | O3: =E3+N3 -> 0
A4: 04c1119 | B4: Zn-IRMOF-10 | C4: YES | D4: s2 | I4: =298.15*H4/96485 -> 0 | J4: =F4+G4-I4 -> 0 | K4: =E4+J4 -> 0 | M4: =623.15*L4/96485 -> 0 | N4: =F4+G4-M4 -> 0 | O4: =E4+N4 -> 0
A5: 04c1119 | B5: Zn-IRMOF-10 | C5: YES | D5: s3 | I5: =298.15*H5/96485 -> 0 | J5: =F5+G5-I5 -> 0 | K5: =E5+J5 -> 0 | M5: =623.15*L5/96485 -> 0 | N5: =F5+G5-M5 -> 0 | O5: =E5+N5 -> 0
A6: 04c1119 | B6: Zn-IRMOF-10 | C6: YES | D6: s4 | I6: =298.15*H6/96485 -> 0 | J6: =F6+G6-I6 -> 0 | K6: =E6+J6 -> 0 | M6: =623.15*L6/96485 -> 0 | N6: =F6+G6-M6 -> 0 | O6: =E6+N6 -> 0
A7: 04c1119 | B7: Zn-IRMOF-10 | C7: YES | D7: s5 | I7: =298.15*H7/96485 -> 0 | J7: =F7+G7-I7 -> 0 | K7: =E7+J7 -> 0 | M7: =623.15*L7/96485 -> 0 | N7: =F7+G7-M7 -> 0 | O7: =E7+N7 -> 0
A8: ea9f3ea | B8: Ni-MOF-74 | C8: YES | D8: s0 | I8: =298.15*H8/96485 -> 0 | J8: =F8+G8-I8 -> 0 | K8: =E8+J8 -> 0 | M8: =623.15*L8/96485 -> 0 | N8: =F8+G8-M8 -> 0 | O8: =E8+N8 -> 0
A9: ea9f3ea | B9: Ni-MOF-74 | C9: YES | D9: s1 | I9: =298.15*H9/96485 -> 0 | J9: =F9+G9-I9 -> 0 | K9: =E9+J9 -> 0 | M9: =623.15*L9/96485 -> 0 | N9: =F9+G9-M9 -> 0 | O9: =E9+N9 -> 0
A10: ea9f3ea | B10: Ni-MOF-74 | C10: YES | D10: s2 | I10: =298.15*H10/96485 -> 0 | J10: =F10+G10-I10 -> 0 | K10: =E10+J10 -> 0 | M10: =623.15*L10/96485 -> 0 | N10: =F10+G10-M10 -> 0 | O10: =E10+N10 -> 0
A11: ea9f3ea | B11: Ni-MOF-74 | C11: YES | D11: s3 | I11: =298.15*H11/96485 -> 0 | J11: =F11+G11-I11 -> 0 | K11: =E11+J11 -> 0 | M11: =623.15*L11/96485 -> 0 | N11: =F11+G11-M11 -> 0 | O11: =E11+N11 -> 0
A12: ea9f3ea | B12: Ni-MOF-74 | C12: YES | D12: s4 | I12: =298.15*H12/96485 -> 0 | J12: =F12+G12-I12 -> 0 | K12: =E12+J12 -> 0 | M12: =623.15*L12/96485 -> 0 | N12: =F12+G12-M12 -> 0 | O12: =E12+N12 -> 0
A13: ea9f3ea | B13: Ni-MOF-74 | C13: YES | D13: s5 | I13: =298.15*H13/96485 -> 0 | J13: =F13+G13-I13 -> 0 | K13: =E13+J13 -> 0 | M13: =623.15*L13/96485 -> 0 | N13: =F13+G13-M13 -> 0 | O13: =E13+N13 -> 0
... A49: 74ace65 | B49: Zn-pyrazole (novel) | C49: NO | D49: s5 | I49: =298.15*H49/96485 -> 0 | J49: =F49+G49-I49 -> 0 | K49: =E49+J49 -> 0 | M49: =623.15*L49/96485 -> 0 | N49: =F49+G49-M49 -> 0 | O49: =E49+N49 -> 0

Sheet GasMolecules
A1: Molecule | B1: E_elec (eV) | C1: ZPE (eV) | D1: U_vib_T (eV) | E1: S_trans_298 (J/mol/K) | F1: S_rot_298 (J/mol/K) | G1: S_vib_qRRHO_298 (J/mol/K) | H1: S_total_298 (J/mol/K) | I1: T·S_298 (eV) | J1: H_thermal_298 (eV) | K1: G_298 (eV) | L1: S_total_623 (J/mol/K) | M1: T·S_623 (eV) | N1: H_thermal_623 (eV) | O1: G_623 (eV)
A2: CO2 | H2: =E2+F2+G2 -> 0 | I2: =298.15*H2/96485 -> 0 | J2: =D2+0.10277 -> 0.10277 | K2: =B2+C2+J2-I2 -> 0.10277 | L2: =H2 -> 0 | M2: =623.15*L2/96485 -> 0 | N2: =D2+0.21497 -> 0.21497 | O2: =B2+C2+N2-M2 -> 0.21497
A3: H2 | H3: =E3+F3+G3 -> 0 | I3: =298.15*H3/96485 -> 0 | J3: =D3+0.10277 -> 0.10277 | K3: =B3+C3+J3-I3 -> 0.10277 | L3: =H3 -> 0 | M3: =623.15*L3/96485 -> 0 | N3: =D3+0.21497 -> 0.21497 | O3: =B3+C3+N3-M3 -> 0.21497
A4: H2O | H4: =E4+F4+G4 -> 0 | I4: =298.15*H4/96485 -> 0 | J4: =D4+0.10277 -> 0.10277 | K4: =B4+C4+J4-I4 -> 0.10277 | L4: =H4 -> 0 | M4: =623.15*L4/96485 -> 0 | N4: =D4+0.21497 -> 0.21497 | O4: =B4+C4+N4-M4 -> 0.21497
A5: CH4 | H5: =E5+F5+G5 -> 0 | I5: =298.15*H5/96485 -> 0 | J5: =D5+0.10277 -> 0.10277 | K5: =B5+C5+J5-I5 -> 0.10277 | L5: =H5 -> 0 | M5: =623.15*L5/96485 -> 0 | N5: =D5+0.21497 -> 0.21497 | O5: =B5+C5+N5-M5 -> 0.21497

Sheet DeltaG
A1: qmof ID | B1: Step | C1: n_CO2 | D1: n_H2 | E1: n_H2O (released) | F1: n_CH4 (released) | G1: ΔG_298 (eV) | H1: ΔG_623 (eV)
A2: 04c1119 | B2: s0 | C2: 0 | D2: 0 | E2: 0 | F2: 0 | G2: =INDEX(Adsorbed!K:K, MATCH(1, (Adsorbed!A:A=A2)*(Adsorbed!D:D=B2), 0)) - INDEX(Adsorbed!K:K, MATCH(1, (Adsorbed!A:A=A2)*(Adsorbed!D:D="s0"), 0)) - C2*INDEX(GasMolecules!K:K, MATCH("CO2", GasMolecules!A:A, 0)) - D2*INDEX(GasMolecules!K:K, MATCH("H2", GasMolecules!A:A, 0)) + E2*INDEX(GasMolecules!K:K, MATCH("H2O", GasMolecules!A:A, 0)) + F2*INDEX(GasMolecules!K:K, MATCH("CH4", GasMolecules!A:A, 0)) -> 0 | H2: =INDEX(Adsorbed!O:O, MATCH(1, (Adsorbed!A:A=A2)*(Adsorbed!D:D=B2), 0)) - INDEX(Adsorbed!O:O, MATCH(1, (Adsorbed!A:A=A2)*(Adsorbed!D:D="s0"), 0)) - C2*INDEX(GasMolecules!O:O, MATCH("CO2", GasMolecules!A:A, 0)) - D2*INDEX(GasMolecules!O:O, MATCH("H2", GasMolecules!A:A, 0)) + E2*INDEX(GasMolecules!O:O, MATCH("H2O", GasMolecules!A:A, 0)) + F2*INDEX(GasMolecules!O:O, MATCH("CH4", GasMolecules!A:A, 0)) -> 0
A3: 04c1119 | B3: s1 | C3: 1 | D3: 0 | E3: 0 | F3: 0 | G3: =INDEX(Adsorbed!K:K, MATCH(1, (Adsorbed!A:A=A3)*(Adsorbed!D:D=B3), 0)) - INDEX(Adsorbed!K:K, MATCH(1, (Adsorbed!A:A=A3)*(Adsorbed!D:D="s0"), 0)) - C3*INDEX(GasMolecules!K:K, MATCH("CO2", GasMolecules!A:A, 0)) - D3*INDEX(GasMolecules!K:K, MATCH("H2", GasMolecules!A:A, 0)) + E3*INDEX(GasMolecules!K:K, MATCH("H2O", GasMolecules!A:A, 0)) + F3*INDEX(GasMolecules!K:K, MATCH("CH4", GasMolecules!A:A, 0)) -> -0.10277 | H3: =INDEX(Adsorbed!O:O, MATCH(1, (Adsorbed!A:A=A3)*(Adsorbed!D:D=B3), 0)) - INDEX(Adsorbed!O:O, MATCH(1, (Adsorbed!A:A=A3)*(Adsorbed!D:D="s0"), 0)) - C3*INDEX(GasMolecules!O:O, MATCH("CO2", GasMolecules!A:A, 0)) - D3*INDEX(GasMolecules!O:O, MATCH("H2", GasMolecules!A:A, 0)) + E3*INDEX(GasMolecules!O:O, MATCH("H2O", GasMolecules!A:A, 0)) + F3*INDEX(GasMolecules!O:O, MATCH("CH4", GasMolecules!A:A, 0)) -> -0.21497
A4: 04c1119 | B4: s2 | C4: 1 | D4: 1 | E4: 0 | F4: 0 | G4: =INDEX(Adsorbed!K:K, MATCH(1, (Adsorbed!A:A=A4)*(Adsorbed!D:D=B4), 0)) - INDEX(Adsorbed!K:K, MATCH(1, (Adsorbed!A:A=A4)*(Adsorbed!D:D="s0"), 0)) - C4*INDEX(GasMolecules!K:K, MATCH("CO2", GasMolecules!A:A, 0)) - D4*INDEX(GasMolecules!K:K, MATCH("H2", GasMolecules!A:A, 0)) + E4*INDEX(GasMolecules!K:K, MATCH("H2O", GasMolecules!A:A, 0)) + F4*INDEX(GasMolecules!K:K, MATCH("CH4", GasMolecules!A:A, 0)) -> -0.20554 | H4: =INDEX(Adsorbed!O:O, MATCH(1, (Adsorbed!A:A=A4)*(Adsorbed!D:D=B4), 0)) - INDEX(Adsorbed!O:O, MATCH(1, (Adsorbed!A:A=A4)*(Adsorbed!D:D="s0"), 0)) - C4*INDEX(GasMolecules!O:O, MATCH("CO2", GasMolecules!A:A, 0)) - D4*INDEX(GasMolecules!O:O, MATCH("H2", GasMolecules!A:A, 0)) + E4*INDEX(GasMolecules!O:O, MATCH("H2O", GasMolecules!A:A, 0)) + F4*INDEX(GasMolecules!O:O, MATCH("CH4", GasMolecules!A:A, 0)) -> -0.42994
A5: 04c1119 | B5: s3 | C5: 1 | D5: 2 | E5: 1 | F5: 0 | G5: =INDEX(Adsorbed!K:K, MATCH(1, (Adsorbed!A:A=A5)*(Adsorbed!D:D=B5), 0)) - INDEX(Adsorbed!K:K, MATCH(1, (Adsorbed!A:A=A5)*(Adsorbed!D:D="s0"), 0)) - C5*INDEX(GasMolecules!K:K, MATCH("CO2", GasMolecules!A:A, 0)) - D5*INDEX(GasMolecules!K:K, MATCH("H2", GasMolecules!A:A, 0)) + E5*INDEX(GasMolecules!K:K, MATCH("H2O", GasMolecules!A:A, 0)) + F5*INDEX(GasMolecules!K:K, MATCH("CH4", GasMolecules!A:A, 0)) -> -0.20554 | H5: =INDEX(Adsorbed!O:O, MATCH(1, (Adsorbed!A:A=A5)*(Adsorbed!D:D=B5), 0)) - INDEX(Adsorbed!O:O, MATCH(1, (Adsorbed!A:A=A5)*(Adsorbed!D:D="s0"), 0)) - C5*INDEX(GasMolecules!O:O, MATCH("CO2", GasMolecules!A:A, 0)) - D5*INDEX(GasMolecules!O:O, MATCH("H2", GasMolecules!A:A, 0)) + E5*INDEX(GasMolecules!O:O, MATCH("H2O", GasMolecules!A:A, 0)) + F5*INDEX(GasMolecules!O:O, MATCH("CH4", GasMolecules!A:A, 0)) -> -0.42994
A6: 04c1119 | B6: s4 | C6: 1 | D6: 3 | E6: 1 | F6: 0 | G6: =INDEX(Adsorbed!K:K, MATCH(1, (Adsorbed!A:A=A6)*(Adsorbed!D:D=B6), 0)) - INDEX(Adsorbed!K:K, MATCH(1, (Adsorbed!A:A=A6)*(Adsorbed!D:D="s0"), 0)) - C6*INDEX(GasMolecules!K:K, MATCH("CO2", GasMolecules!A:A, 0)) - D6*INDEX(GasMolecules!K:K, MATCH("H2", GasMolecules!A:A, 0)) + E6*INDEX(GasMolecules!K:K, MATCH("H2O", GasMolecules!A:A, 0)) + F6*INDEX(GasMolecules!K:K, MATCH("CH4", GasMolecules!A:A, 0)) -> -0.30831 | H6: =INDEX(Adsorbed!O:O, MATCH(1, (Adsorbed!A:A=A6)*(Adsorbed!D:D=B6), 0)) - INDEX(Adsorbed!O:O, MATCH(1, (Adsorbed!A:A=A6)*(Adsorbed!D:D="s0"), 0)) - C6*INDEX(GasMolecules!O:O, MATCH("CO2", GasMolecules!A:A, 0)) - D6*INDEX(GasMolecules!O:O, MATCH("H2", GasMolecules!A:A, 0)) + E6*INDEX(GasMolecules!O:O, MATCH("H2O", GasMolecules!A:A, 0)) + F6*INDEX(GasMolecules!O:O, MATCH("CH4", GasMolecules!A:A, 0)) -> -0.64491
A7: 04c1119 | B7: s5 | C7: 1 | D7: 4 | E7: 1 | F7: 1 | G7: =INDEX(Adsorbed!K:K, MATCH(1, (Adsorbed!A:A=A7)*(Adsorbed!D:D=B7), 0)) - INDEX(Adsorbed!K:K, MATCH(1, (Adsorbed!A:A=A7)*(Adsorbed!D:D="s0"), 0)) - C7*INDEX(GasMolecules!K:K, MATCH("CO2", GasMolecules!A:A, 0)) - D7*INDEX(GasMolecules!K:K, MATCH("H2", GasMolecules!A:A, 0)) + E7*INDEX(GasMolecules!K:K, MATCH("H2O", GasMolecules!A:A, 0)) + F7*INDEX(GasMolecules!K:K, MATCH("CH4", GasMolecules!A:A, 0)) -> -0.30831 | H7: =INDEX(Adsorbed!O:O, MATCH(1, (Adsorbed!A:A=A7)*(Adsorbed!D:D=B7), 0)) - INDEX(Adsorbed!O:O, MATCH(1, (Adsorbed!A:A=A7)*(Adsorbed!D:D="s0"), 0)) - C7*INDEX(GasMolecules!O:O, MATCH("CO2", GasMolecules!A:A, 0)) - D7*INDEX(GasMolecules!O:O, MATCH("H2", GasMolecules!A:A, 0)) + E7*INDEX(GasMolecules!O:O, MATCH("H2O", GasMolecules!A:A, 0)) + F7*INDEX(GasMolecules!O:O, MATCH("CH4", GasMolecules!A:A, 0)) -> -0.64491
A8: ea9f3ea | B8: s0 | C8: 0 | D8: 0 | E8: 0 | F8: 0 | G8: =INDEX(Adsorbed!K:K, MATCH(1, (Adsorbed!A:A=A8)*(Adsorbed!D:D=B8), 0)) - INDEX(Adsorbed!K:K, MATCH(1, (Adsorbed!A:A=A8)*(Adsorbed!D:D="s0"), 0)) - C8*INDEX(GasMolecules!K:K, MATCH("CO2", GasMolecules!A:A, 0)) - D8*INDEX(GasMolecules!K:K, MATCH("H2", GasMolecules!A:A, 0)) + E8*INDEX(GasMolecules!K:K, MATCH("H2O", GasMolecules!A:A, 0)) + F8*INDEX(GasMolecules!K:K, MATCH("CH4", GasMolecules!A:A, 0)) -> 0 | H8: =INDEX(Adsorbed!O:O, MATCH(1, (Adsorbed!A:A=A8)*(Adsorbed!D:D=B8), 0)) - INDEX(Adsorbed!O:O, MATCH(1, (Adsorbed!A:A=A8)*(Adsorbed!D:D="s0"), 0)) - C8*INDEX(GasMolecules!O:O, MATCH("CO2", GasMolecules!A:A, 0)) - D8*INDEX(GasMolecules!O:O, MATCH("H2", GasMolecules!A:A, 0)) + E8*INDEX(GasMolecules!O:O, MATCH("H2O", GasMolecules!A:A, 0)) + F8*INDEX(GasMolecules!O:O, MATCH("CH4", GasMolecules!A:A, 0)) -> 0
A9: ea9f3ea | B9: s1 | C9: 1 | D9: 0 | E9: 0 | F9: 0 | G9: =INDEX(Adsorbed!K:K, MATCH(1, (Adsorbed!A:A=A9)*(Adsorbed!D:D=B9), 0)) - INDEX(Adsorbed!K:K, MATCH(1, (Adsorbed!A:A=A9)*(Adsorbed!D:D="s0"), 0)) - C9*INDEX(GasMolecules!K:K, MATCH("CO2", GasMolecules!A:A, 0)) - D9*INDEX(GasMolecules!K:K, MATCH("H2", GasMolecules!A:A, 0)) + E9*INDEX(GasMolecules!K:K, MATCH("H2O", GasMolecules!A:A, 0)) + F9*INDEX(GasMolecules!K:K, MATCH("CH4", GasMolecules!A:A, 0)) -> -0.10277 | H9: =INDEX(Adsorbed!O:O, MATCH(1, (Adsorbed!A:A=A9)*(Adsorbed!D:D=B9), 0)) - INDEX(Adsorbed!O:O, MATCH(1, (Adsorbed!A:A=A9)*(Adsorbed!D:D="s0"), 0)) - C9*INDEX(GasMolecules!O:O, MATCH("CO2", GasMolecules!A:A, 0)) - D9*INDEX(GasMolecules!O:O, MATCH("H2", GasMolecules!A:A, 0)) + E9*INDEX(GasMolecules!O:O, MATCH("H2O", GasMolecules!A:A, 0)) + F9*INDEX(GasMolecules!O:O, MATCH("CH4", GasMolecules!A:A, 0)) -> -0.21497
A10: ea9f3ea | B10: s2 | C10: 1 | D10: 1 | E10: 0 | F10: 0 | G10: =INDEX(Adsorbed!K:K, MATCH(1, (Adsorbed!A:A=A10)*(Adsorbed!D:D=B10), 0)) - INDEX(Adsorbed!K:K, MATCH(1, (Adsorbed!A:A=A10)*(Adsorbed!D:D="s0"), 0)) - C10*INDEX(GasMolecules!K:K, MATCH("CO2", GasMolecules!A:A, 0)) - D10*INDEX(GasMolecules!K:K, MATCH("H2", GasMolecules!A:A, 0)) + E10*INDEX(GasMolecules!K:K, MATCH("H2O", GasMolecules!A:A, 0)) + F10*INDEX(GasMolecules!K:K, MATCH("CH4", GasMolecules!A:A, 0)) -> -0.20554 | H10: =INDEX(Adsorbed!O:O, MATCH(1, (Adsorbed!A:A=A10)*(Adsorbed!D:D=B10), 0)) - INDEX(Adsorbed!O:O, MATCH(1, (Adsorbed!A:A=A10)*(Adsorbed!D:D="s0"), 0)) - C10*INDEX(GasMolecules!O:O, MATCH("CO2", GasMolecules!A:A, 0)) - D10*INDEX(GasMolecules!O:O, MATCH("H2", GasMolecules!A:A, 0)) + E10*INDEX(GasMolecules!O:O, MATCH("H2O", GasMolecules!A:A, 0)) + F10*INDEX(GasMolecules!O:O, MATCH("CH4", GasMolecules!A:A, 0)) -> -0.42994
A11: ea9f3ea | B11: s3 | C11: 1 | D11: 2 | E11: 1 | F11: 0 | G11: =INDEX(Adsorbed!K:K, MATCH(1, (Adsorbed!A:A=A11)*(Adsorbed!D:D=B11), 0)) - INDEX(Adsorbed!K:K, MATCH(1, (Adsorbed!A:A=A11)*(Adsorbed!D:D="s0"), 0)) - C11*INDEX(GasMolecules!K:K, MATCH("CO2", GasMolecules!A:A, 0)) - D11*INDEX(GasMolecules!K:K, MATCH("H2", GasMolecules!A:A, 0)) + E11*INDEX(GasMolecules!K:K, MATCH("H2O", GasMolecules!A:A, 0)) + F11*INDEX(GasMolecules!K:K, MATCH("CH4", GasMolecules!A:A, 0)) -> -0.20554 | H11: =INDEX(Adsorbed!O:O, MATCH(1, (Adsorbed!A:A=A11)*(Adsorbed!D:D=B11), 0)) - INDEX(Adsorbed!O:O, MATCH(1, (Adsorbed!A:A=A11)*(Adsorbed!D:D="s0"), 0)) - C11*INDEX(GasMolecules!O:O, MATCH("CO2", GasMolecules!A:A, 0)) - D11*INDEX(GasMolecules!O:O, MATCH("H2", GasMolecules!A:A, 0)) + E11*INDEX(GasMolecules!O:O, MATCH("H2O", GasMolecules!A:A, 0)) + F11*INDEX(GasMolecules!O:O, MATCH("CH4", GasMolecules!A:A, 0)) -> -0.42994
A12: ea9f3ea | B12: s4 | C12: 1 | D12: 3 | E12: 1 | F12: 0 | G12: =INDEX(Adsorbed!K:K, MATCH(1, (Adsorbed!A:A=A12)*(Adsorbed!D:D=B12), 0)) - INDEX(Adsorbed!K:K, MATCH(1, (Adsorbed!A:A=A12)*(Adsorbed!D:D="s0"), 0)) - C12*INDEX(GasMolecules!K:K, MATCH("CO2", GasMolecules!A:A, 0)) - D12*INDEX(GasMolecules!K:K, MATCH("H2", GasMolecules!A:A, 0)) + E12*INDEX(GasMolecules!K:K, MATCH("H2O", GasMolecules!A:A, 0)) + F12*INDEX(GasMolecules!K:K, MATCH("CH4", GasMolecules!A:A, 0)) -> -0.30831 | H12: =INDEX(Adsorbed!O:O, MATCH(1, (Adsorbed!A:A=A12)*(Adsorbed!D:D=B12), 0)) - INDEX(Adsorbed!O:O, MATCH(1, (Adsorbed!A:A=A12)*(Adsorbed!D:D="s0"), 0)) - C12*INDEX(GasMolecules!O:O, MATCH("CO2", GasMolecules!A:A, 0)) - D12*INDEX(GasMolecules!O:O, MATCH("H2", GasMolecules!A:A, 0)) + E12*INDEX(GasMolecules!O:O, MATCH("H2O", GasMolecules!A:A, 0)) + F12*INDEX(GasMolecules!O:O, MATCH("CH4", GasMolecules!A:A, 0)) -> -0.64491
A13: ea9f3ea | B13: s5 | C13: 1 | D13: 4 | E13: 1 | F13: 1 | G13: =INDEX(Adsorbed!K:K, MATCH(1, (Adsorbed!A:A=A13)*(Adsorbed!D:D=B13), 0)) - INDEX(Adsorbed!K:K, MATCH(1, (Adsorbed!A:A=A13)*(Adsorbed!D:D="s0"), 0)) - C13*INDEX(GasMolecules!K:K, MATCH("CO2", GasMolecules!A:A, 0)) - D13*INDEX(GasMolecules!K:K, MATCH("H2", GasMolecules!A:A, 0)) + E13*INDEX(GasMolecules!K:K, MATCH("H2O", GasMolecules!A:A, 0)) + F13*INDEX(GasMolecules!K:K, MATCH("CH4", GasMolecules!A:A, 0)) -> -0.30831 | H13: =INDEX(Adsorbed!O:O, MATCH(1, (Adsorbed!A:A=A13)*(Adsorbed!D:D=B13), 0)) - INDEX(Adsorbed!O:O, MATCH(1, (Adsorbed!A:A=A13)*(Adsorbed!D:D="s0"), 0)) - C13*INDEX(GasMolecules!O:O, MATCH("CO2", GasMolecules!A:A, 0)) - D13*INDEX(GasMolecules!O:O, MATCH("H2", GasMolecules!A:A, 0)) + E13*INDEX(GasMolecules!O:O, MATCH("H2O", GasMolecules!A:A, 0)) + F13*INDEX(GasMolecules!O:O, MATCH("CH4", GasMolecules!A:A, 0)) -> -0.64491
... A49: 74ace65 | B49: s5 | C49: 1 | D49: 4 | E49: 1 | F49: 1 | G49: =INDEX(Adsorbed!K:K, MATCH(1, (Adsorbed!A:A=A49)*(Adsorbed!D:D=B49), 0)) - INDEX(Adsorbed!K:K, MATCH(1, (Adsorbed!A:A=A49)*(Adsorbed!D:D="s0"), 0)) - C49*INDEX(GasMolecules!K:K, MATCH("CO2", GasMolecules!A:A, 0)) - D49*INDEX(GasMolecules!K:K, MATCH("H2", GasMolecules!A:A, 0)) + E49*INDEX(GasMolecules!K:K, MATCH("H2O", GasMolecules!A:A, 0)) + F49*INDEX(GasMolecules!K:K, MATCH("CH4", GasMolecules!A:A, 0)) -> -0.30831 | H49: =INDEX(Adsorbed!O:O, MATCH(1, (Adsorbed!A:A=A49)*(Adsorbed!D:D=B49), 0)) - INDEX(Adsorbed!O:O, MATCH(1, (Adsorbed!A:A=A49)*(Adsorbed!D:D="s0"), 0)) - C49*INDEX(GasMolecules!O:O, MATCH("CO2", GasMolecules!A:A, 0)) - D49*INDEX(GasMolecules!O:O, MATCH("H2", GasMolecules!A:A, 0)) + E49*INDEX(GasMolecules!O:O, MATCH("H2O", GasMolecules!A:A, 0)) + F49*INDEX(GasMolecules!O:O, MATCH("CH4", GasMolecules!A:A, 0)) -> -0.64491

Sheet Notes
A1: Purpose | B1: Per-stationary-point thermochemistry breakdown for R2-3 (ZPE/H_T/S/G) and the regenerated common-reference ΔG_n that closes R1-5.
A2: How to populate | B2: Run analysis/quasi_rrho.py on each CP2K vibrational-analysis .out and copy the printed values into the matching row of Adsorbed/GasMolecules. Cross-sheet formulas on DeltaG will auto-update.
A3: Stoichiometry convention | B3: n_CO2 / n_H2 are consumed (positive). n_H2O_released / n_CH4_released are released to gas phase (positive in DeltaG). Stoichiometry per step is hard-coded in DeltaG based on Figure 2 of the paper.
A4: Gas-phase H_thermal approximation | B4: For nonlinear gas (H2O, CH4) U_vib + (3/2)kT_trans + (3/2)kT_rot + kT_pV ≈ U_vib + 4kT. For linear gas (CO2, H2) U_vib + (3/2)kT_trans + kT_rot + kT_pV ≈ U_vib + 3.5kT. Spreadsheet uses the nonlinear value; correct the linear cells manually.
A5: Imaginary frequencies | B5: Any imaginary frequency > 30i cm-1 means the geometry is not a true minimum. Re-optimize before computing thermochemistry. CP2K prints negative values for imaginary modes in vib output.
A6: Quasi-RRHO cutoff | B6: Grimme 2012 cutoff = 100 cm-1. The Python post-processor accepts --cutoff to change this if you want a sensitivity check.
A7: Temperatures | B7: 298.15 K reported in main text. 623.15 K (350°C, Yasumura operating T) reported in SI. To run a third temperature, copy the columns and adjust formulas.
A8: Missing data | B8: Mg-MOF-74 (qmof-9f8e842) currently lacks complete_dft_input entries — locate or rerun before populating its rows.
